"","product_id","date","cloud_cover","band","url"
"1","S2A_MSIL1C_20190107T170701_N0207_R069_T14RQU_20190107T202939",2019-01-07 17:15:20,95.2039,"B01","https://storage.googleapis.com/gcp-public-data-sentinel-2/tiles/14/R/QU/S2A_MSIL1C_20190107T170701_N0207_R069_T14RQU_20190107T202939.SAFE/GRANULE/L1C_T14RQU_A018513_20190107T171114/IMG_DATA/T14RQU_20190107T170701_B01.jp2"
"2","S2A_MSIL1C_20190107T170701_N0207_R069_T14RQU_20190107T202939",2019-01-07 17:15:20,95.2039,"B02","https://storage.googleapis.com/gcp-public-data-sentinel-2/tiles/14/R/QU/S2A_MSIL1C_20190107T170701_N0207_R069_T14RQU_20190107T202939.SAFE/GRANULE/L1C_T14RQU_A018513_20190107T171114/IMG_DATA/T14RQU_20190107T170701_B02.jp2"
"3","S2A_MSIL1C_20190107T170701_N0207_R069_T14RQU_20190107T202939",2019-01-07 17:15:20,95.2039,"B03","https://storage.googleapis.com/gcp-public-data-sentinel-2/tiles/14/R/QU/S2A_MSIL1C_20190107T170701_N0207_R069_T14RQU_20190107T202939.SAFE/GRANULE/L1C_T14RQU_A018513_20190107T171114/IMG_DATA/T14RQU_20190107T170701_B03.jp2"
"4","S2A_MSIL1C_20190107T170701_N0207_R069_T14RQU_20190107T202939",2019-01-07 17:15:20,95.2039,"B04","https://storage.googleapis.com/gcp-public-data-sentinel-2/tiles/14/R/QU/S2A_MSIL1C_20190107T170701_N0207_R069_T14RQU_20190107T202939.SAFE/GRANULE/L1C_T14RQU_A018513_20190107T171114/IMG_DATA/T14RQU_20190107T170701_B04.jp2"
"5","S2A_MSIL1C_20190107T170701_N0207_R069_T14RQU_20190107T202939",2019-01-07 17:15:20,95.2039,"B05","https://storage.googleapis.com/gcp-public-data-sentinel-2/tiles/14/R/QU/S2A_MSIL1C_20190107T170701_N0207_R069_T14RQU_20190107T202939.SAFE/GRANULE/L1C_T14RQU_A018513_20190107T171114/IMG_DATA/T14RQU_20190107T170701_B05.jp2"
"6","S2A_MSIL1C_20190107T170701_N0207_R069_T14RQU_20190107T202939",2019-01-07 17:15:20,95.2039,"B06","https://storage.googleapis.com/gcp-public-data-sentinel-2/tiles/14/R/QU/S2A_MSIL1C_20190107T170701_N0207_R069_T14RQU_20190107T202939.SAFE/GRANULE/L1C_T14RQU_A018513_20190107T171114/IMG_DATA/T14RQU_20190107T170701_B06.jp2"
"7","S2A_MSIL1C_20190107T170701_N0207_R069_T14RQU_20190107T202939",2019-01-07 17:15:20,95.2039,"B07","https://storage.googleapis.com/gcp-public-data-sentinel-2/tiles/14/R/QU/S2A_MSIL1C_20190107T170701_N0207_R069_T14RQU_20190107T202939.SAFE/GRANULE/L1C_T14RQU_A018513_20190107T171114/IMG_DATA/T14RQU_20190107T170701_B07.jp2"
"8","S2B_MSIL1C_20190102T170709_N0207_R069_T14RQU_20190102T202849",2019-01-02 17:15:22,100,"B01","https://storage.googleapis.com/gcp-public-data-sentinel-2/tiles/14/R/QU/S2B_MSIL1C_20190102T170709_N0207_R069_T14RQU_20190102T202849.SAFE/GRANULE/L1C_T14RQU_A009533_20190102T170839/IMG_DATA/T14RQU_20190102T170709_B01.jp2"
"9","S2B_MSIL1C_20190102T170709_N0207_R069_T14RQU_20190102T202849",2019-01-02 17:15:22,100,"B02","https://storage.googleapis.com/gcp-public-data-sentinel-2/tiles/14/R/QU/S2B_MSIL1C_20190102T170709_N0207_R069_T14RQU_20190102T202849.SAFE/GRANULE/L1C_T14RQU_A009533_20190102T170839/IMG_DATA/T14RQU_20190102T170709_B02.jp2"
"10","S2B_MSIL1C_20190102T170709_N0207_R069_T14RQU_20190102T202849",2019-01-02 17:15:22,100,"B03","https://storage.googleapis.com/gcp-public-data-sentinel-2/tiles/14/R/QU/S2B_MSIL1C_20190102T170709_N0207_R069_T14RQU_20190102T202849.SAFE/GRANULE/L1C_T14RQU_A009533_20190102T170839/IMG_DATA/T14RQU_20190102T170709_B03.jp2"
"11","S2B_MSIL1C_20190102T170709_N0207_R069_T14RQU_20190102T202849",2019-01-02 17:15:22,100,"B04","https://storage.googleapis.com/gcp-public-data-sentinel-2/tiles/14/R/QU/S2B_MSIL1C_20190102T170709_N0207_R069_T14RQU_20190102T202849.SAFE/GRANULE/L1C_T14RQU_A009533_20190102T170839/IMG_DATA/T14RQU_20190102T170709_B04.jp2"
"12","S2B_MSIL1C_20190102T170709_N0207_R069_T14RQU_20190102T202849",2019-01-02 17:15:22,100,"B05","https://storage.googleapis.com/gcp-public-data-sentinel-2/tiles/14/R/QU/S2B_MSIL1C_20190102T170709_N0207_R069_T14RQU_20190102T202849.SAFE/GRANULE/L1C_T14RQU_A009533_20190102T170839/IMG_DATA/T14RQU_20190102T170709_B05.jp2"
"13","S2B_MSIL1C_20190102T170709_N0207_R069_T14RQU_20190102T202849",2019-01-02 17:15:22,100,"B06","https://storage.googleapis.com/gcp-public-data-sentinel-2/tiles/14/R/QU/S2B_MSIL1C_20190102T170709_N0207_R069_T14RQU_20190102T202849.SAFE/GRANULE/L1C_T14RQU_A009533_20190102T170839/IMG_DATA/T14RQU_20190102T170709_B06.jp2"
"14","S2B_MSIL1C_20190102T170709_N0207_R069_T14RQU_20190102T202849",2019-01-02 17:15:22,100,"B07","https://storage.googleapis.com/gcp-public-data-sentinel-2/tiles/14/R/QU/S2B_MSIL1C_20190102T170709_N0207_R069_T14RQU_20190102T202849.SAFE/GRANULE/L1C_T14RQU_A009533_20190102T170839/IMG_DATA/T14RQU_20190102T170709_B07.jp2"
"15","S2B_MSIL1C_20190112T170649_N0207_R069_T14RQU_20190112T202801",2019-01-12 17:15:24,0.1978,"B01","https://storage.googleapis.com/gcp-public-data-sentinel-2/tiles/14/R/QU/S2B_MSIL1C_20190112T170649_N0207_R069_T14RQU_20190112T202801.SAFE/GRANULE/L1C_T14RQU_A009676_20190112T171314/IMG_DATA/T14RQU_20190112T170649_B01.jp2"
"16","S2B_MSIL1C_20190112T170649_N0207_R069_T14RQU_20190112T202801",2019-01-12 17:15:24,0.1978,"B02","https://storage.googleapis.com/gcp-public-data-sentinel-2/tiles/14/R/QU/S2B_MSIL1C_20190112T170649_N0207_R069_T14RQU_20190112T202801.SAFE/GRANULE/L1C_T14RQU_A009676_20190112T171314/IMG_DATA/T14RQU_20190112T170649_B02.jp2"
"17","S2B_MSIL1C_20190112T170649_N0207_R069_T14RQU_20190112T202801",2019-01-12 17:15:24,0.1978,"B03","https://storage.googleapis.com/gcp-public-data-sentinel-2/tiles/14/R/QU/S2B_MSIL1C_20190112T170649_N0207_R069_T14RQU_20190112T202801.SAFE/GRANULE/L1C_T14RQU_A009676_20190112T171314/IMG_DATA/T14RQU_20190112T170649_B03.jp2"
"18","S2B_MSIL1C_20190112T170649_N0207_R069_T14RQU_20190112T202801",2019-01-12 17:15:24,0.1978,"B04","https://storage.googleapis.com/gcp-public-data-sentinel-2/tiles/14/R/QU/S2B_MSIL1C_20190112T170649_N0207_R069_T14RQU_20190112T202801.SAFE/GRANULE/L1C_T14RQU_A009676_20190112T171314/IMG_DATA/T14RQU_20190112T170649_B04.jp2"
"19","S2B_MSIL1C_20190112T170649_N0207_R069_T14RQU_20190112T202801",2019-01-12 17:15:24,0.1978,"B05","https://storage.googleapis.com/gcp-public-data-sentinel-2/tiles/14/R/QU/S2B_MSIL1C_20190112T170649_N0207_R069_T14RQU_20190112T202801.SAFE/GRANULE/L1C_T14RQU_A009676_20190112T171314/IMG_DATA/T14RQU_20190112T170649_B05.jp2"
"20","S2B_MSIL1C_20190112T170649_N0207_R069_T14RQU_20190112T202801",2019-01-12 17:15:24,0.1978,"B06","https://storage.googleapis.com/gcp-public-data-sentinel-2/tiles/14/R/QU/S2B_MSIL1C_20190112T170649_N0207_R069_T14RQU_20190112T202801.SAFE/GRANULE/L1C_T14RQU_A009676_20190112T171314/IMG_DATA/T14RQU_20190112T170649_B06.jp2"
"21","S2B_MSIL1C_20190112T170649_N0207_R069_T14RQU_20190112T202801",2019-01-12 17:15:24,0.1978,"B07","https://storage.googleapis.com/gcp-public-data-sentinel-2/tiles/14/R/QU/S2B_MSIL1C_20190112T170649_N0207_R069_T14RQU_20190112T202801.SAFE/GRANULE/L1C_T14RQU_A009676_20190112T171314/IMG_DATA/T14RQU_20190112T170649_B07.jp2"
"22","S2B_MSIL1C_20181223T170719_N0207_R069_T14RQU_20181223T203244",2018-12-23 17:15:20,0.0022,"B01","https://storage.googleapis.com/gcp-public-data-sentinel-2/tiles/14/R/QU/S2B_MSIL1C_20181223T170719_N0207_R069_T14RQU_20181223T203244.SAFE/GRANULE/L1C_T14RQU_A009390_20181223T170731/IMG_DATA/T14RQU_20181223T170719_B01.jp2"
"23","S2B_MSIL1C_20181223T170719_N0207_R069_T14RQU_20181223T203244",2018-12-23 17:15:20,0.0022,"B02","https://storage.googleapis.com/gcp-public-data-sentinel-2/tiles/14/R/QU/S2B_MSIL1C_20181223T170719_N0207_R069_T14RQU_20181223T203244.SAFE/GRANULE/L1C_T14RQU_A009390_20181223T170731/IMG_DATA/T14RQU_20181223T170719_B02.jp2"
"24","S2B_MSIL1C_20181223T170719_N0207_R069_T14RQU_20181223T203244",2018-12-23 17:15:20,0.0022,"B03","https://storage.googleapis.com/gcp-public-data-sentinel-2/tiles/14/R/QU/S2B_MSIL1C_20181223T170719_N0207_R069_T14RQU_20181223T203244.SAFE/GRANULE/L1C_T14RQU_A009390_20181223T170731/IMG_DATA/T14RQU_20181223T170719_B03.jp2"
"25","S2B_MSIL1C_20181223T170719_N0207_R069_T14RQU_20181223T203244",2018-12-23 17:15:20,0.0022,"B04","https://storage.googleapis.com/gcp-public-data-sentinel-2/tiles/14/R/QU/S2B_MSIL1C_20181223T170719_N0207_R069_T14RQU_20181223T203244.SAFE/GRANULE/L1C_T14RQU_A009390_20181223T170731/IMG_DATA/T14RQU_20181223T170719_B04.jp2"
"26","S2B_MSIL1C_20181223T170719_N0207_R069_T14RQU_20181223T203244",2018-12-23 17:15:20,0.0022,"B05","https://storage.googleapis.com/gcp-public-data-sentinel-2/tiles/14/R/QU/S2B_MSIL1C_20181223T170719_N0207_R069_T14RQU_20181223T203244.SAFE/GRANULE/L1C_T14RQU_A009390_20181223T170731/IMG_DATA/T14RQU_20181223T170719_B05.jp2"
"27","S2B_MSIL1C_20181223T170719_N0207_R069_T14RQU_20181223T203244",2018-12-23 17:15:20,0.0022,"B06","https://storage.googleapis.com/gcp-public-data-sentinel-2/tiles/14/R/QU/S2B_MSIL1C_20181223T170719_N0207_R069_T14RQU_20181223T203244.SAFE/GRANULE/L1C_T14RQU_A009390_20181223T170731/IMG_DATA/T14RQU_20181223T170719_B06.jp2"
"28","S2B_MSIL1C_20181223T170719_N0207_R069_T14RQU_20181223T203244",2018-12-23 17:15:20,0.0022,"B07","https://storage.googleapis.com/gcp-public-data-sentinel-2/tiles/14/R/QU/S2B_MSIL1C_20181223T170719_N0207_R069_T14RQU_20181223T203244.SAFE/GRANULE/L1C_T14RQU_A009390_20181223T170731/IMG_DATA/T14RQU_20181223T170719_B07.jp2"
"29","S2B_MSIL1C_20181213T170709_N0207_R069_T14RQU_20181213T202756",2018-12-13 17:15:18,3.1464,"B01","https://storage.googleapis.com/gcp-public-data-sentinel-2/tiles/14/R/QU/S2B_MSIL1C_20181213T170709_N0207_R069_T14RQU_20181213T202756.SAFE/GRANULE/L1C_T14RQU_A009247_20181213T171438/IMG_DATA/T14RQU_20181213T170709_B01.jp2"
"30","S2B_MSIL1C_20181213T170709_N0207_R069_T14RQU_20181213T202756",2018-12-13 17:15:18,3.1464,"B02","https://storage.googleapis.com/gcp-public-data-sentinel-2/tiles/14/R/QU/S2B_MSIL1C_20181213T170709_N0207_R069_T14RQU_20181213T202756.SAFE/GRANULE/L1C_T14RQU_A009247_20181213T171438/IMG_DATA/T14RQU_20181213T170709_B02.jp2"
"31","S2B_MSIL1C_20181213T170709_N0207_R069_T14RQU_20181213T202756",2018-12-13 17:15:18,3.1464,"B03","https://storage.googleapis.com/gcp-public-data-sentinel-2/tiles/14/R/QU/S2B_MSIL1C_20181213T170709_N0207_R069_T14RQU_20181213T202756.SAFE/GRANULE/L1C_T14RQU_A009247_20181213T171438/IMG_DATA/T14RQU_20181213T170709_B03.jp2"
"32","S2B_MSIL1C_20181213T170709_N0207_R069_T14RQU_20181213T202756",2018-12-13 17:15:18,3.1464,"B04","https://storage.googleapis.com/gcp-public-data-sentinel-2/tiles/14/R/QU/S2B_MSIL1C_20181213T170709_N0207_R069_T14RQU_20181213T202756.SAFE/GRANULE/L1C_T14RQU_A009247_20181213T171438/IMG_DATA/T14RQU_20181213T170709_B04.jp2"
"33","S2B_MSIL1C_20181213T170709_N0207_R069_T14RQU_20181213T202756",2018-12-13 17:15:18,3.1464,"B05","https://storage.googleapis.com/gcp-public-data-sentinel-2/tiles/14/R/QU/S2B_MSIL1C_20181213T170709_N0207_R069_T14RQU_20181213T202756.SAFE/GRANULE/L1C_T14RQU_A009247_20181213T171438/IMG_DATA/T14RQU_20181213T170709_B05.jp2"
"34","S2B_MSIL1C_20181213T170709_N0207_R069_T14RQU_20181213T202756",2018-12-13 17:15:18,3.1464,"B06","https://storage.googleapis.com/gcp-public-data-sentinel-2/tiles/14/R/QU/S2B_MSIL1C_20181213T170709_N0207_R069_T14RQU_20181213T202756.SAFE/GRANULE/L1C_T14RQU_A009247_20181213T171438/IMG_DATA/T14RQU_20181213T170709_B06.jp2"
"35","S2B_MSIL1C_20181213T170709_N0207_R069_T14RQU_20181213T202756",2018-12-13 17:15:18,3.1464,"B07","https://storage.googleapis.com/gcp-public-data-sentinel-2/tiles/14/R/QU/S2B_MSIL1C_20181213T170709_N0207_R069_T14RQU_20181213T202756.SAFE/GRANULE/L1C_T14RQU_A009247_20181213T171438/IMG_DATA/T14RQU_20181213T170709_B07.jp2"
"36","S2A_MSIL1C_20181019T170321_N0206_R069_T14RQU_20181019T203243",2018-10-19 17:05:11,99.4584,"B01","https://storage.googleapis.com/gcp-public-data-sentinel-2/tiles/14/R/QU/S2A_MSIL1C_20181019T170321_N0206_R069_T14RQU_20181019T203243.SAFE/GRANULE/L1C_T14RQU_A017369_20181019T170511/IMG_DATA/T14RQU_20181019T170321_B01.jp2"
"37","S2A_MSIL1C_20181019T170321_N0206_R069_T14RQU_20181019T203243",2018-10-19 17:05:11,99.4584,"B02","https://storage.googleapis.com/gcp-public-data-sentinel-2/tiles/14/R/QU/S2A_MSIL1C_20181019T170321_N0206_R069_T14RQU_20181019T203243.SAFE/GRANULE/L1C_T14RQU_A017369_20181019T170511/IMG_DATA/T14RQU_20181019T170321_B02.jp2"
"38","S2A_MSIL1C_20181019T170321_N0206_R069_T14RQU_20181019T203243",2018-10-19 17:05:11,99.4584,"B03","https://storage.googleapis.com/gcp-public-data-sentinel-2/tiles/14/R/QU/S2A_MSIL1C_20181019T170321_N0206_R069_T14RQU_20181019T203243.SAFE/GRANULE/L1C_T14RQU_A017369_20181019T170511/IMG_DATA/T14RQU_20181019T170321_B03.jp2"
"39","S2A_MSIL1C_20181019T170321_N0206_R069_T14RQU_20181019T203243",2018-10-19 17:05:11,99.4584,"B04","https://storage.googleapis.com/gcp-public-data-sentinel-2/tiles/14/R/QU/S2A_MSIL1C_20181019T170321_N0206_R069_T14RQU_20181019T203243.SAFE/GRANULE/L1C_T14RQU_A017369_20181019T170511/IMG_DATA/T14RQU_20181019T170321_B04.jp2"
"40","S2A_MSIL1C_20181019T170321_N0206_R069_T14RQU_20181019T203243",2018-10-19 17:05:11,99.4584,"B05","https://storage.googleapis.com/gcp-public-data-sentinel-2/tiles/14/R/QU/S2A_MSIL1C_20181019T170321_N0206_R069_T14RQU_20181019T203243.SAFE/GRANULE/L1C_T14RQU_A017369_20181019T170511/IMG_DATA/T14RQU_20181019T170321_B05.jp2"
"41","S2A_MSIL1C_20181019T170321_N0206_R069_T14RQU_20181019T203243",2018-10-19 17:05:11,99.4584,"B06","https://storage.googleapis.com/gcp-public-data-sentinel-2/tiles/14/R/QU/S2A_MSIL1C_20181019T170321_N0206_R069_T14RQU_20181019T203243.SAFE/GRANULE/L1C_T14RQU_A017369_20181019T170511/IMG_DATA/T14RQU_20181019T170321_B06.jp2"
"42","S2A_MSIL1C_20181019T170321_N0206_R069_T14RQU_20181019T203243",2018-10-19 17:05:11,99.4584,"B07","https://storage.googleapis.com/gcp-public-data-sentinel-2/tiles/14/R/QU/S2A_MSIL1C_20181019T170321_N0206_R069_T14RQU_20181019T203243.SAFE/GRANULE/L1C_T14RQU_A017369_20181019T170511/IMG_DATA/T14RQU_20181019T170321_B07.jp2"
"43","S2A_MSIL1C_20181009T170211_N0206_R069_T14RQU_20181009T220433",2018-10-09 17:12:34,58.6414,"B01","https://storage.googleapis.com/gcp-public-data-sentinel-2/tiles/14/R/QU/S2A_MSIL1C_20181009T170211_N0206_R069_T14RQU_20181009T220433.SAFE/GRANULE/L1C_T14RQU_A017226_20181009T171234/IMG_DATA/T14RQU_20181009T170211_B01.jp2"
"44","S2A_MSIL1C_20181009T170211_N0206_R069_T14RQU_20181009T220433",2018-10-09 17:12:34,58.6414,"B02","https://storage.googleapis.com/gcp-public-data-sentinel-2/tiles/14/R/QU/S2A_MSIL1C_20181009T170211_N0206_R069_T14RQU_20181009T220433.SAFE/GRANULE/L1C_T14RQU_A017226_20181009T171234/IMG_DATA/T14RQU_20181009T170211_B02.jp2"
"45","S2A_MSIL1C_20181009T170211_N0206_R069_T14RQU_20181009T220433",2018-10-09 17:12:34,58.6414,"B03","https://storage.googleapis.com/gcp-public-data-sentinel-2/tiles/14/R/QU/S2A_MSIL1C_20181009T170211_N0206_R069_T14RQU_20181009T220433.SAFE/GRANULE/L1C_T14RQU_A017226_20181009T171234/IMG_DATA/T14RQU_20181009T170211_B03.jp2"
"46","S2A_MSIL1C_20181009T170211_N0206_R069_T14RQU_20181009T220433",2018-10-09 17:12:34,58.6414,"B04","https://storage.googleapis.com/gcp-public-data-sentinel-2/tiles/14/R/QU/S2A_MSIL1C_20181009T170211_N0206_R069_T14RQU_20181009T220433.SAFE/GRANULE/L1C_T14RQU_A017226_20181009T171234/IMG_DATA/T14RQU_20181009T170211_B04.jp2"
"47","S2A_MSIL1C_20181009T170211_N0206_R069_T14RQU_20181009T220433",2018-10-09 17:12:34,58.6414,"B05","https://storage.googleapis.com/gcp-public-data-sentinel-2/tiles/14/R/QU/S2A_MSIL1C_20181009T170211_N0206_R069_T14RQU_20181009T220433.SAFE/GRANULE/L1C_T14RQU_A017226_20181009T171234/IMG_DATA/T14RQU_20181009T170211_B05.jp2"
"48","S2A_MSIL1C_20181009T170211_N0206_R069_T14RQU_20181009T220433",2018-10-09 17:12:34,58.6414,"B06","https://storage.googleapis.com/gcp-public-data-sentinel-2/tiles/14/R/QU/S2A_MSIL1C_20181009T170211_N0206_R069_T14RQU_20181009T220433.SAFE/GRANULE/L1C_T14RQU_A017226_20181009T171234/IMG_DATA/T14RQU_20181009T170211_B06.jp2"
"49","S2A_MSIL1C_20181009T170211_N0206_R069_T14RQU_20181009T220433",2018-10-09 17:12:34,58.6414,"B07","https://storage.googleapis.com/gcp-public-data-sentinel-2/tiles/14/R/QU/S2A_MSIL1C_20181009T170211_N0206_R069_T14RQU_20181009T220433.SAFE/GRANULE/L1C_T14RQU_A017226_20181009T171234/IMG_DATA/T14RQU_20181009T170211_B07.jp2"
"50","S2A_MSIL1C_20181208T170701_N0207_R069_T14RQU_20181208T202913",2018-12-08 17:15:16,98.4704,"B01","https://storage.googleapis.com/gcp-public-data-sentinel-2/tiles/14/R/QU/S2A_MSIL1C_20181208T170701_N0207_R069_T14RQU_20181208T202913.SAFE/GRANULE/L1C_T14RQU_A018084_20181208T171117/IMG_DATA/T14RQU_20181208T170701_B01.jp2"
"51","S2A_MSIL1C_20181208T170701_N0207_R069_T14RQU_20181208T202913",2018-12-08 17:15:16,98.4704,"B02","https://storage.googleapis.com/gcp-public-data-sentinel-2/tiles/14/R/QU/S2A_MSIL1C_20181208T170701_N0207_R069_T14RQU_20181208T202913.SAFE/GRANULE/L1C_T14RQU_A018084_20181208T171117/IMG_DATA/T14RQU_20181208T170701_B02.jp2"
"52","S2A_MSIL1C_20181208T170701_N0207_R069_T14RQU_20181208T202913",2018-12-08 17:15:16,98.4704,"B03","https://storage.googleapis.com/gcp-public-data-sentinel-2/tiles/14/R/QU/S2A_MSIL1C_20181208T170701_N0207_R069_T14RQU_20181208T202913.SAFE/GRANULE/L1C_T14RQU_A018084_20181208T171117/IMG_DATA/T14RQU_20181208T170701_B03.jp2"
"53","S2A_MSIL1C_20181208T170701_N0207_R069_T14RQU_20181208T202913",2018-12-08 17:15:16,98.4704,"B04","https://storage.googleapis.com/gcp-public-data-sentinel-2/tiles/14/R/QU/S2A_MSIL1C_20181208T170701_N0207_R069_T14RQU_20181208T202913.SAFE/GRANULE/L1C_T14RQU_A018084_20181208T171117/IMG_DATA/T14RQU_20181208T170701_B04.jp2"
"54","S2A_MSIL1C_20181208T170701_N0207_R069_T14RQU_20181208T202913",2018-12-08 17:15:16,98.4704,"B05","https://storage.googleapis.com/gcp-public-data-sentinel-2/tiles/14/R/QU/S2A_MSIL1C_20181208T170701_N0207_R069_T14RQU_20181208T202913.SAFE/GRANULE/L1C_T14RQU_A018084_20181208T171117/IMG_DATA/T14RQU_20181208T170701_B05.jp2"
"55","S2A_MSIL1C_20181208T170701_N0207_R069_T14RQU_20181208T202913",2018-12-08 17:15:16,98.4704,"B06","https://storage.googleapis.com/gcp-public-data-sentinel-2/tiles/14/R/QU/S2A_MSIL1C_20181208T170701_N0207_R069_T14RQU_20181208T202913.SAFE/GRANULE/L1C_T14RQU_A018084_20181208T171117/IMG_DATA/T14RQU_20181208T170701_B06.jp2"
"56","S2A_MSIL1C_20181208T170701_N0207_R069_T14RQU_20181208T202913",2018-12-08 17:15:16,98.4704,"B07","https://storage.googleapis.com/gcp-public-data-sentinel-2/tiles/14/R/QU/S2A_MSIL1C_20181208T170701_N0207_R069_T14RQU_20181208T202913.SAFE/GRANULE/L1C_T14RQU_A018084_20181208T171117/IMG_DATA/T14RQU_20181208T170701_B07.jp2"
"57","S2B_MSIL1C_20181203T170659_N0207_R069_T14RQU_20181203T220447",2018-12-03 17:15:20,0.2212,"B01","https://storage.googleapis.com/gcp-public-data-sentinel-2/tiles/14/R/QU/S2B_MSIL1C_20181203T170659_N0207_R069_T14RQU_20181203T220447.SAFE/GRANULE/L1C_T14RQU_A009104_20181203T170958/IMG_DATA/T14RQU_20181203T170659_B01.jp2"
"58","S2B_MSIL1C_20181203T170659_N0207_R069_T14RQU_20181203T220447",2018-12-03 17:15:20,0.2212,"B02","https://storage.googleapis.com/gcp-public-data-sentinel-2/tiles/14/R/QU/S2B_MSIL1C_20181203T170659_N0207_R069_T14RQU_20181203T220447.SAFE/GRANULE/L1C_T14RQU_A009104_20181203T170958/IMG_DATA/T14RQU_20181203T170659_B02.jp2"
"59","S2B_MSIL1C_20181203T170659_N0207_R069_T14RQU_20181203T220447",2018-12-03 17:15:20,0.2212,"B03","https://storage.googleapis.com/gcp-public-data-sentinel-2/tiles/14/R/QU/S2B_MSIL1C_20181203T170659_N0207_R069_T14RQU_20181203T220447.SAFE/GRANULE/L1C_T14RQU_A009104_20181203T170958/IMG_DATA/T14RQU_20181203T170659_B03.jp2"
"60","S2B_MSIL1C_20181203T170659_N0207_R069_T14RQU_20181203T220447",2018-12-03 17:15:20,0.2212,"B04","https://storage.googleapis.com/gcp-public-data-sentinel-2/tiles/14/R/QU/S2B_MSIL1C_20181203T170659_N0207_R069_T14RQU_20181203T220447.SAFE/GRANULE/L1C_T14RQU_A009104_20181203T170958/IMG_DATA/T14RQU_20181203T170659_B04.jp2"
"61","S2B_MSIL1C_20181203T170659_N0207_R069_T14RQU_20181203T220447",2018-12-03 17:15:20,0.2212,"B05","https://storage.googleapis.com/gcp-public-data-sentinel-2/tiles/14/R/QU/S2B_MSIL1C_20181203T170659_N0207_R069_T14RQU_20181203T220447.SAFE/GRANULE/L1C_T14RQU_A009104_20181203T170958/IMG_DATA/T14RQU_20181203T170659_B05.jp2"
"62","S2B_MSIL1C_20181203T170659_N0207_R069_T14RQU_20181203T220447",2018-12-03 17:15:20,0.2212,"B06","https://storage.googleapis.com/gcp-public-data-sentinel-2/tiles/14/R/QU/S2B_MSIL1C_20181203T170659_N0207_R069_T14RQU_20181203T220447.SAFE/GRANULE/L1C_T14RQU_A009104_20181203T170958/IMG_DATA/T14RQU_20181203T170659_B06.jp2"
"63","S2B_MSIL1C_20181203T170659_N0207_R069_T14RQU_20181203T220447",2018-12-03 17:15:20,0.2212,"B07","https://storage.googleapis.com/gcp-public-data-sentinel-2/tiles/14/R/QU/S2B_MSIL1C_20181203T170659_N0207_R069_T14RQU_20181203T220447.SAFE/GRANULE/L1C_T14RQU_A009104_20181203T170958/IMG_DATA/T14RQU_20181203T170659_B07.jp2"
"64","S2A_MSIL1C_20181218T170711_N0207_R069_T14RQU_20181218T203015",2018-12-18 17:15:16,100,"B01","https://storage.googleapis.com/gcp-public-data-sentinel-2/tiles/14/R/QU/S2A_MSIL1C_20181218T170711_N0207_R069_T14RQU_20181218T203015.SAFE/GRANULE/L1C_T14RQU_A018227_20181218T171140/IMG_DATA/T14RQU_20181218T170711_B01.jp2"
"65","S2A_MSIL1C_20181218T170711_N0207_R069_T14RQU_20181218T203015",2018-12-18 17:15:16,100,"B02","https://storage.googleapis.com/gcp-public-data-sentinel-2/tiles/14/R/QU/S2A_MSIL1C_20181218T170711_N0207_R069_T14RQU_20181218T203015.SAFE/GRANULE/L1C_T14RQU_A018227_20181218T171140/IMG_DATA/T14RQU_20181218T170711_B02.jp2"
"66","S2A_MSIL1C_20181218T170711_N0207_R069_T14RQU_20181218T203015",2018-12-18 17:15:16,100,"B03","https://storage.googleapis.com/gcp-public-data-sentinel-2/tiles/14/R/QU/S2A_MSIL1C_20181218T170711_N0207_R069_T14RQU_20181218T203015.SAFE/GRANULE/L1C_T14RQU_A018227_20181218T171140/IMG_DATA/T14RQU_20181218T170711_B03.jp2"
"67","S2A_MSIL1C_20181218T170711_N0207_R069_T14RQU_20181218T203015",2018-12-18 17:15:16,100,"B04","https://storage.googleapis.com/gcp-public-data-sentinel-2/tiles/14/R/QU/S2A_MSIL1C_20181218T170711_N0207_R069_T14RQU_20181218T203015.SAFE/GRANULE/L1C_T14RQU_A018227_20181218T171140/IMG_DATA/T14RQU_20181218T170711_B04.jp2"
"68","S2A_MSIL1C_20181218T170711_N0207_R069_T14RQU_20181218T203015",2018-12-18 17:15:16,100,"B05","https://storage.googleapis.com/gcp-public-data-sentinel-2/tiles/14/R/QU/S2A_MSIL1C_20181218T170711_N0207_R069_T14RQU_20181218T203015.SAFE/GRANULE/L1C_T14RQU_A018227_20181218T171140/IMG_DATA/T14RQU_20181218T170711_B05.jp2"
"69","S2A_MSIL1C_20181218T170711_N0207_R069_T14RQU_20181218T203015",2018-12-18 17:15:16,100,"B06","https://storage.googleapis.com/gcp-public-data-sentinel-2/tiles/14/R/QU/S2A_MSIL1C_20181218T170711_N0207_R069_T14RQU_20181218T203015.SAFE/GRANULE/L1C_T14RQU_A018227_20181218T171140/IMG_DATA/T14RQU_20181218T170711_B06.jp2"
"70","S2A_MSIL1C_20181218T170711_N0207_R069_T14RQU_20181218T203015",2018-12-18 17:15:16,100,"B07","https://storage.googleapis.com/gcp-public-data-sentinel-2/tiles/14/R/QU/S2A_MSIL1C_20181218T170711_N0207_R069_T14RQU_20181218T203015.SAFE/GRANULE/L1C_T14RQU_A018227_20181218T171140/IMG_DATA/T14RQU_20181218T170711_B07.jp2"
"71","S2A_MSIL1C_20181228T170711_N0207_R069_T14RQU_20181228T202923",2018-12-28 17:15:18,2.6777,"B01","https://storage.googleapis.com/gcp-public-data-sentinel-2/tiles/14/R/QU/S2A_MSIL1C_20181228T170711_N0207_R069_T14RQU_20181228T202923.SAFE/GRANULE/L1C_T14RQU_A018370_20181228T171141/IMG_DATA/T14RQU_20181228T170711_B01.jp2"
"72","S2A_MSIL1C_20181228T170711_N0207_R069_T14RQU_20181228T202923",2018-12-28 17:15:18,2.6777,"B02","https://storage.googleapis.com/gcp-public-data-sentinel-2/tiles/14/R/QU/S2A_MSIL1C_20181228T170711_N0207_R069_T14RQU_20181228T202923.SAFE/GRANULE/L1C_T14RQU_A018370_20181228T171141/IMG_DATA/T14RQU_20181228T170711_B02.jp2"
"73","S2A_MSIL1C_20181228T170711_N0207_R069_T14RQU_20181228T202923",2018-12-28 17:15:18,2.6777,"B03","https://storage.googleapis.com/gcp-public-data-sentinel-2/tiles/14/R/QU/S2A_MSIL1C_20181228T170711_N0207_R069_T14RQU_20181228T202923.SAFE/GRANULE/L1C_T14RQU_A018370_20181228T171141/IMG_DATA/T14RQU_20181228T170711_B03.jp2"
"74","S2A_MSIL1C_20181228T170711_N0207_R069_T14RQU_20181228T202923",2018-12-28 17:15:18,2.6777,"B04","https://storage.googleapis.com/gcp-public-data-sentinel-2/tiles/14/R/QU/S2A_MSIL1C_20181228T170711_N0207_R069_T14RQU_20181228T202923.SAFE/GRANULE/L1C_T14RQU_A018370_20181228T171141/IMG_DATA/T14RQU_20181228T170711_B04.jp2"
"75","S2A_MSIL1C_20181228T170711_N0207_R069_T14RQU_20181228T202923",2018-12-28 17:15:18,2.6777,"B05","https://storage.googleapis.com/gcp-public-data-sentinel-2/tiles/14/R/QU/S2A_MSIL1C_20181228T170711_N0207_R069_T14RQU_20181228T202923.SAFE/GRANULE/L1C_T14RQU_A018370_20181228T171141/IMG_DATA/T14RQU_20181228T170711_B05.jp2"
"76","S2A_MSIL1C_20181228T170711_N0207_R069_T14RQU_20181228T202923",2018-12-28 17:15:18,2.6777,"B06","https://storage.googleapis.com/gcp-public-data-sentinel-2/tiles/14/R/QU/S2A_MSIL1C_20181228T170711_N0207_R069_T14RQU_20181228T202923.SAFE/GRANULE/L1C_T14RQU_A018370_20181228T171141/IMG_DATA/T14RQU_20181228T170711_B06.jp2"
"77","S2A_MSIL1C_20181228T170711_N0207_R069_T14RQU_20181228T202923",2018-12-28 17:15:18,2.6777,"B07","https://storage.googleapis.com/gcp-public-data-sentinel-2/tiles/14/R/QU/S2A_MSIL1C_20181228T170711_N0207_R069_T14RQU_20181228T202923.SAFE/GRANULE/L1C_T14RQU_A018370_20181228T171141/IMG_DATA/T14RQU_20181228T170711_B07.jp2"
"78","S2A_MSIL1C_20181029T170421_N0206_R069_T14RQU_20181029T203354",2018-10-29 17:07:20,12.309,"B01","https://storage.googleapis.com/gcp-public-data-sentinel-2/tiles/14/R/QU/S2A_MSIL1C_20181029T170421_N0206_R069_T14RQU_20181029T203354.SAFE/GRANULE/L1C_T14RQU_A017512_20181029T170720/IMG_DATA/T14RQU_20181029T170421_B01.jp2"
"79","S2A_MSIL1C_20181029T170421_N0206_R069_T14RQU_20181029T203354",2018-10-29 17:07:20,12.309,"B02","https://storage.googleapis.com/gcp-public-data-sentinel-2/tiles/14/R/QU/S2A_MSIL1C_20181029T170421_N0206_R069_T14RQU_20181029T203354.SAFE/GRANULE/L1C_T14RQU_A017512_20181029T170720/IMG_DATA/T14RQU_20181029T170421_B02.jp2"
"80","S2A_MSIL1C_20181029T170421_N0206_R069_T14RQU_20181029T203354",2018-10-29 17:07:20,12.309,"B03","https://storage.googleapis.com/gcp-public-data-sentinel-2/tiles/14/R/QU/S2A_MSIL1C_20181029T170421_N0206_R069_T14RQU_20181029T203354.SAFE/GRANULE/L1C_T14RQU_A017512_20181029T170720/IMG_DATA/T14RQU_20181029T170421_B03.jp2"
"81","S2A_MSIL1C_20181029T170421_N0206_R069_T14RQU_20181029T203354",2018-10-29 17:07:20,12.309,"B04","https://storage.googleapis.com/gcp-public-data-sentinel-2/tiles/14/R/QU/S2A_MSIL1C_20181029T170421_N0206_R069_T14RQU_20181029T203354.SAFE/GRANULE/L1C_T14RQU_A017512_20181029T170720/IMG_DATA/T14RQU_20181029T170421_B04.jp2"
"82","S2A_MSIL1C_20181029T170421_N0206_R069_T14RQU_20181029T203354",2018-10-29 17:07:20,12.309,"B05","https://storage.googleapis.com/gcp-public-data-sentinel-2/tiles/14/R/QU/S2A_MSIL1C_20181029T170421_N0206_R069_T14RQU_20181029T203354.SAFE/GRANULE/L1C_T14RQU_A017512_20181029T170720/IMG_DATA/T14RQU_20181029T170421_B05.jp2"
"83","S2A_MSIL1C_20181029T170421_N0206_R069_T14RQU_20181029T203354",2018-10-29 17:07:20,12.309,"B06","https://storage.googleapis.com/gcp-public-data-sentinel-2/tiles/14/R/QU/S2A_MSIL1C_20181029T170421_N0206_R069_T14RQU_20181029T203354.SAFE/GRANULE/L1C_T14RQU_A017512_20181029T170720/IMG_DATA/T14RQU_20181029T170421_B06.jp2"
"84","S2A_MSIL1C_20181029T170421_N0206_R069_T14RQU_20181029T203354",2018-10-29 17:07:20,12.309,"B07","https://storage.googleapis.com/gcp-public-data-sentinel-2/tiles/14/R/QU/S2A_MSIL1C_20181029T170421_N0206_R069_T14RQU_20181029T203354.SAFE/GRANULE/L1C_T14RQU_A017512_20181029T170720/IMG_DATA/T14RQU_20181029T170421_B07.jp2"
"85","S2B_MSIL1C_20181014T170249_N0206_R069_T14RQU_20181014T204119",2018-10-14 17:11:22,30.1027,"B01","https://storage.googleapis.com/gcp-public-data-sentinel-2/tiles/14/R/QU/S2B_MSIL1C_20181014T170249_N0206_R069_T14RQU_20181014T204119.SAFE/GRANULE/L1C_T14RQU_A008389_20181014T171122/IMG_DATA/T14RQU_20181014T170249_B01.jp2"
"86","S2B_MSIL1C_20181014T170249_N0206_R069_T14RQU_20181014T204119",2018-10-14 17:11:22,30.1027,"B02","https://storage.googleapis.com/gcp-public-data-sentinel-2/tiles/14/R/QU/S2B_MSIL1C_20181014T170249_N0206_R069_T14RQU_20181014T204119.SAFE/GRANULE/L1C_T14RQU_A008389_20181014T171122/IMG_DATA/T14RQU_20181014T170249_B02.jp2"
"87","S2B_MSIL1C_20181014T170249_N0206_R069_T14RQU_20181014T204119",2018-10-14 17:11:22,30.1027,"B03","https://storage.googleapis.com/gcp-public-data-sentinel-2/tiles/14/R/QU/S2B_MSIL1C_20181014T170249_N0206_R069_T14RQU_20181014T204119.SAFE/GRANULE/L1C_T14RQU_A008389_20181014T171122/IMG_DATA/T14RQU_20181014T170249_B03.jp2"
"88","S2B_MSIL1C_20181014T170249_N0206_R069_T14RQU_20181014T204119",2018-10-14 17:11:22,30.1027,"B04","https://storage.googleapis.com/gcp-public-data-sentinel-2/tiles/14/R/QU/S2B_MSIL1C_20181014T170249_N0206_R069_T14RQU_20181014T204119.SAFE/GRANULE/L1C_T14RQU_A008389_20181014T171122/IMG_DATA/T14RQU_20181014T170249_B04.jp2"
"89","S2B_MSIL1C_20181014T170249_N0206_R069_T14RQU_20181014T204119",2018-10-14 17:11:22,30.1027,"B05","https://storage.googleapis.com/gcp-public-data-sentinel-2/tiles/14/R/QU/S2B_MSIL1C_20181014T170249_N0206_R069_T14RQU_20181014T204119.SAFE/GRANULE/L1C_T14RQU_A008389_20181014T171122/IMG_DATA/T14RQU_20181014T170249_B05.jp2"
"90","S2B_MSIL1C_20181014T170249_N0206_R069_T14RQU_20181014T204119",2018-10-14 17:11:22,30.1027,"B06","https://storage.googleapis.com/gcp-public-data-sentinel-2/tiles/14/R/QU/S2B_MSIL1C_20181014T170249_N0206_R069_T14RQU_20181014T204119.SAFE/GRANULE/L1C_T14RQU_A008389_20181014T171122/IMG_DATA/T14RQU_20181014T170249_B06.jp2"
"91","S2B_MSIL1C_20181014T170249_N0206_R069_T14RQU_20181014T204119",2018-10-14 17:11:22,30.1027,"B07","https://storage.googleapis.com/gcp-public-data-sentinel-2/tiles/14/R/QU/S2B_MSIL1C_20181014T170249_N0206_R069_T14RQU_20181014T204119.SAFE/GRANULE/L1C_T14RQU_A008389_20181014T171122/IMG_DATA/T14RQU_20181014T170249_B07.jp2"
"92","S2B_MSIL1C_20181004T170139_N0206_R069_T14RQU_20181004T220757",2018-10-04 17:08:24,8.0289,"B01","https://storage.googleapis.com/gcp-public-data-sentinel-2/tiles/14/R/QU/S2B_MSIL1C_20181004T170139_N0206_R069_T14RQU_20181004T220757.SAFE/GRANULE/L1C_T14RQU_A008246_20181004T170824/IMG_DATA/T14RQU_20181004T170139_B01.jp2"
"93","S2B_MSIL1C_20181004T170139_N0206_R069_T14RQU_20181004T220757",2018-10-04 17:08:24,8.0289,"B02","https://storage.googleapis.com/gcp-public-data-sentinel-2/tiles/14/R/QU/S2B_MSIL1C_20181004T170139_N0206_R069_T14RQU_20181004T220757.SAFE/GRANULE/L1C_T14RQU_A008246_20181004T170824/IMG_DATA/T14RQU_20181004T170139_B02.jp2"
"94","S2B_MSIL1C_20181004T170139_N0206_R069_T14RQU_20181004T220757",2018-10-04 17:08:24,8.0289,"B03","https://storage.googleapis.com/gcp-public-data-sentinel-2/tiles/14/R/QU/S2B_MSIL1C_20181004T170139_N0206_R069_T14RQU_20181004T220757.SAFE/GRANULE/L1C_T14RQU_A008246_20181004T170824/IMG_DATA/T14RQU_20181004T170139_B03.jp2"
"95","S2B_MSIL1C_20181004T170139_N0206_R069_T14RQU_20181004T220757",2018-10-04 17:08:24,8.0289,"B04","https://storage.googleapis.com/gcp-public-data-sentinel-2/tiles/14/R/QU/S2B_MSIL1C_20181004T170139_N0206_R069_T14RQU_20181004T220757.SAFE/GRANULE/L1C_T14RQU_A008246_20181004T170824/IMG_DATA/T14RQU_20181004T170139_B04.jp2"
"96","S2B_MSIL1C_20181004T170139_N0206_R069_T14RQU_20181004T220757",2018-10-04 17:08:24,8.0289,"B05","https://storage.googleapis.com/gcp-public-data-sentinel-2/tiles/14/R/QU/S2B_MSIL1C_20181004T170139_N0206_R069_T14RQU_20181004T220757.SAFE/GRANULE/L1C_T14RQU_A008246_20181004T170824/IMG_DATA/T14RQU_20181004T170139_B05.jp2"
"97","S2B_MSIL1C_20181004T170139_N0206_R069_T14RQU_20181004T220757",2018-10-04 17:08:24,8.0289,"B06","https://storage.googleapis.com/gcp-public-data-sentinel-2/tiles/14/R/QU/S2B_MSIL1C_20181004T170139_N0206_R069_T14RQU_20181004T220757.SAFE/GRANULE/L1C_T14RQU_A008246_20181004T170824/IMG_DATA/T14RQU_20181004T170139_B06.jp2"
"98","S2B_MSIL1C_20181004T170139_N0206_R069_T14RQU_20181004T220757",2018-10-04 17:08:24,8.0289,"B07","https://storage.googleapis.com/gcp-public-data-sentinel-2/tiles/14/R/QU/S2B_MSIL1C_20181004T170139_N0206_R069_T14RQU_20181004T220757.SAFE/GRANULE/L1C_T14RQU_A008246_20181004T170824/IMG_DATA/T14RQU_20181004T170139_B07.jp2"
"99","S2B_MSIL1C_20181024T170349_N0206_R069_T14RQU_20181024T220646",2018-10-24 17:10:27,99.8816,"B01","https://storage.googleapis.com/gcp-public-data-sentinel-2/tiles/14/R/QU/S2B_MSIL1C_20181024T170349_N0206_R069_T14RQU_20181024T220646.SAFE/GRANULE/L1C_T14RQU_A008532_20181024T171027/IMG_DATA/T14RQU_20181024T170349_B01.jp2"
"100","S2B_MSIL1C_20181024T170349_N0206_R069_T14RQU_20181024T220646",2018-10-24 17:10:27,99.8816,"B02","https://storage.googleapis.com/gcp-public-data-sentinel-2/tiles/14/R/QU/S2B_MSIL1C_20181024T170349_N0206_R069_T14RQU_20181024T220646.SAFE/GRANULE/L1C_T14RQU_A008532_20181024T171027/IMG_DATA/T14RQU_20181024T170349_B02.jp2"
"101","S2B_MSIL1C_20181024T170349_N0206_R069_T14RQU_20181024T220646",2018-10-24 17:10:27,99.8816,"B03","https://storage.googleapis.com/gcp-public-data-sentinel-2/tiles/14/R/QU/S2B_MSIL1C_20181024T170349_N0206_R069_T14RQU_20181024T220646.SAFE/GRANULE/L1C_T14RQU_A008532_20181024T171027/IMG_DATA/T14RQU_20181024T170349_B03.jp2"
"102","S2B_MSIL1C_20181024T170349_N0206_R069_T14RQU_20181024T220646",2018-10-24 17:10:27,99.8816,"B04","https://storage.googleapis.com/gcp-public-data-sentinel-2/tiles/14/R/QU/S2B_MSIL1C_20181024T170349_N0206_R069_T14RQU_20181024T220646.SAFE/GRANULE/L1C_T14RQU_A008532_20181024T171027/IMG_DATA/T14RQU_20181024T170349_B04.jp2"
"103","S2B_MSIL1C_20181024T170349_N0206_R069_T14RQU_20181024T220646",2018-10-24 17:10:27,99.8816,"B05","https://storage.googleapis.com/gcp-public-data-sentinel-2/tiles/14/R/QU/S2B_MSIL1C_20181024T170349_N0206_R069_T14RQU_20181024T220646.SAFE/GRANULE/L1C_T14RQU_A008532_20181024T171027/IMG_DATA/T14RQU_20181024T170349_B05.jp2"
"104","S2B_MSIL1C_20181024T170349_N0206_R069_T14RQU_20181024T220646",2018-10-24 17:10:27,99.8816,"B06","https://storage.googleapis.com/gcp-public-data-sentinel-2/tiles/14/R/QU/S2B_MSIL1C_20181024T170349_N0206_R069_T14RQU_20181024T220646.SAFE/GRANULE/L1C_T14RQU_A008532_20181024T171027/IMG_DATA/T14RQU_20181024T170349_B06.jp2"
"105","S2B_MSIL1C_20181024T170349_N0206_R069_T14RQU_20181024T220646",2018-10-24 17:10:27,99.8816,"B07","https://storage.googleapis.com/gcp-public-data-sentinel-2/tiles/14/R/QU/S2B_MSIL1C_20181024T170349_N0206_R069_T14RQU_20181024T220646.SAFE/GRANULE/L1C_T14RQU_A008532_20181024T171027/IMG_DATA/T14RQU_20181024T170349_B07.jp2"
"106","S2A_MSIL1C_20181128T170641_N0207_R069_T14RQU_20181128T203230",2018-11-28 17:15:16,99.2841,"B01","https://storage.googleapis.com/gcp-public-data-sentinel-2/tiles/14/R/QU/S2A_MSIL1C_20181128T170641_N0207_R069_T14RQU_20181128T203230.SAFE/GRANULE/L1C_T14RQU_A017941_20181128T171049/IMG_DATA/T14RQU_20181128T170641_B01.jp2"
"107","S2A_MSIL1C_20181128T170641_N0207_R069_T14RQU_20181128T203230",2018-11-28 17:15:16,99.2841,"B02","https://storage.googleapis.com/gcp-public-data-sentinel-2/tiles/14/R/QU/S2A_MSIL1C_20181128T170641_N0207_R069_T14RQU_20181128T203230.SAFE/GRANULE/L1C_T14RQU_A017941_20181128T171049/IMG_DATA/T14RQU_20181128T170641_B02.jp2"
"108","S2A_MSIL1C_20181128T170641_N0207_R069_T14RQU_20181128T203230",2018-11-28 17:15:16,99.2841,"B03","https://storage.googleapis.com/gcp-public-data-sentinel-2/tiles/14/R/QU/S2A_MSIL1C_20181128T170641_N0207_R069_T14RQU_20181128T203230.SAFE/GRANULE/L1C_T14RQU_A017941_20181128T171049/IMG_DATA/T14RQU_20181128T170641_B03.jp2"
"109","S2A_MSIL1C_20181128T170641_N0207_R069_T14RQU_20181128T203230",2018-11-28 17:15:16,99.2841,"B04","https://storage.googleapis.com/gcp-public-data-sentinel-2/tiles/14/R/QU/S2A_MSIL1C_20181128T170641_N0207_R069_T14RQU_20181128T203230.SAFE/GRANULE/L1C_T14RQU_A017941_20181128T171049/IMG_DATA/T14RQU_20181128T170641_B04.jp2"
"110","S2A_MSIL1C_20181128T170641_N0207_R069_T14RQU_20181128T203230",2018-11-28 17:15:16,99.2841,"B05","https://storage.googleapis.com/gcp-public-data-sentinel-2/tiles/14/R/QU/S2A_MSIL1C_20181128T170641_N0207_R069_T14RQU_20181128T203230.SAFE/GRANULE/L1C_T14RQU_A017941_20181128T171049/IMG_DATA/T14RQU_20181128T170641_B05.jp2"
"111","S2A_MSIL1C_20181128T170641_N0207_R069_T14RQU_20181128T203230",2018-11-28 17:15:16,99.2841,"B06","https://storage.googleapis.com/gcp-public-data-sentinel-2/tiles/14/R/QU/S2A_MSIL1C_20181128T170641_N0207_R069_T14RQU_20181128T203230.SAFE/GRANULE/L1C_T14RQU_A017941_20181128T171049/IMG_DATA/T14RQU_20181128T170641_B06.jp2"
"112","S2A_MSIL1C_20181128T170641_N0207_R069_T14RQU_20181128T203230",2018-11-28 17:15:16,99.2841,"B07","https://storage.googleapis.com/gcp-public-data-sentinel-2/tiles/14/R/QU/S2A_MSIL1C_20181128T170641_N0207_R069_T14RQU_20181128T203230.SAFE/GRANULE/L1C_T14RQU_A017941_20181128T171049/IMG_DATA/T14RQU_20181128T170641_B07.jp2"
"113","S2A_MSIL1C_20181108T170511_N0207_R069_T14RQU_20181108T203204",2018-11-08 17:15:20,100,"B01","https://storage.googleapis.com/gcp-public-data-sentinel-2/tiles/14/R/QU/S2A_MSIL1C_20181108T170511_N0207_R069_T14RQU_20181108T203204.SAFE/GRANULE/L1C_T14RQU_A017655_20181108T170905/IMG_DATA/T14RQU_20181108T170511_B01.jp2"
"114","S2A_MSIL1C_20181108T170511_N0207_R069_T14RQU_20181108T203204",2018-11-08 17:15:20,100,"B02","https://storage.googleapis.com/gcp-public-data-sentinel-2/tiles/14/R/QU/S2A_MSIL1C_20181108T170511_N0207_R069_T14RQU_20181108T203204.SAFE/GRANULE/L1C_T14RQU_A017655_20181108T170905/IMG_DATA/T14RQU_20181108T170511_B02.jp2"
"115","S2A_MSIL1C_20181108T170511_N0207_R069_T14RQU_20181108T203204",2018-11-08 17:15:20,100,"B03","https://storage.googleapis.com/gcp-public-data-sentinel-2/tiles/14/R/QU/S2A_MSIL1C_20181108T170511_N0207_R069_T14RQU_20181108T203204.SAFE/GRANULE/L1C_T14RQU_A017655_20181108T170905/IMG_DATA/T14RQU_20181108T170511_B03.jp2"
"116","S2A_MSIL1C_20181108T170511_N0207_R069_T14RQU_20181108T203204",2018-11-08 17:15:20,100,"B04","https://storage.googleapis.com/gcp-public-data-sentinel-2/tiles/14/R/QU/S2A_MSIL1C_20181108T170511_N0207_R069_T14RQU_20181108T203204.SAFE/GRANULE/L1C_T14RQU_A017655_20181108T170905/IMG_DATA/T14RQU_20181108T170511_B04.jp2"
"117","S2A_MSIL1C_20181108T170511_N0207_R069_T14RQU_20181108T203204",2018-11-08 17:15:20,100,"B05","https://storage.googleapis.com/gcp-public-data-sentinel-2/tiles/14/R/QU/S2A_MSIL1C_20181108T170511_N0207_R069_T14RQU_20181108T203204.SAFE/GRANULE/L1C_T14RQU_A017655_20181108T170905/IMG_DATA/T14RQU_20181108T170511_B05.jp2"
"118","S2A_MSIL1C_20181108T170511_N0207_R069_T14RQU_20181108T203204",2018-11-08 17:15:20,100,"B06","https://storage.googleapis.com/gcp-public-data-sentinel-2/tiles/14/R/QU/S2A_MSIL1C_20181108T170511_N0207_R069_T14RQU_20181108T203204.SAFE/GRANULE/L1C_T14RQU_A017655_20181108T170905/IMG_DATA/T14RQU_20181108T170511_B06.jp2"
"119","S2A_MSIL1C_20181108T170511_N0207_R069_T14RQU_20181108T203204",2018-11-08 17:15:20,100,"B07","https://storage.googleapis.com/gcp-public-data-sentinel-2/tiles/14/R/QU/S2A_MSIL1C_20181108T170511_N0207_R069_T14RQU_20181108T203204.SAFE/GRANULE/L1C_T14RQU_A017655_20181108T170905/IMG_DATA/T14RQU_20181108T170511_B07.jp2"
"120","S2A_MSIL1C_20181118T170601_N0207_R069_T14RQU_20181118T203231",2018-11-18 17:15:18,98.9979,"B01","https://storage.googleapis.com/gcp-public-data-sentinel-2/tiles/14/R/QU/S2A_MSIL1C_20181118T170601_N0207_R069_T14RQU_20181118T203231.SAFE/GRANULE/L1C_T14RQU_A017798_20181118T171012/IMG_DATA/T14RQU_20181118T170601_B01.jp2"
"121","S2A_MSIL1C_20181118T170601_N0207_R069_T14RQU_20181118T203231",2018-11-18 17:15:18,98.9979,"B02","https://storage.googleapis.com/gcp-public-data-sentinel-2/tiles/14/R/QU/S2A_MSIL1C_20181118T170601_N0207_R069_T14RQU_20181118T203231.SAFE/GRANULE/L1C_T14RQU_A017798_20181118T171012/IMG_DATA/T14RQU_20181118T170601_B02.jp2"
"122","S2A_MSIL1C_20181118T170601_N0207_R069_T14RQU_20181118T203231",2018-11-18 17:15:18,98.9979,"B03","https://storage.googleapis.com/gcp-public-data-sentinel-2/tiles/14/R/QU/S2A_MSIL1C_20181118T170601_N0207_R069_T14RQU_20181118T203231.SAFE/GRANULE/L1C_T14RQU_A017798_20181118T171012/IMG_DATA/T14RQU_20181118T170601_B03.jp2"
"123","S2A_MSIL1C_20181118T170601_N0207_R069_T14RQU_20181118T203231",2018-11-18 17:15:18,98.9979,"B04","https://storage.googleapis.com/gcp-public-data-sentinel-2/tiles/14/R/QU/S2A_MSIL1C_20181118T170601_N0207_R069_T14RQU_20181118T203231.SAFE/GRANULE/L1C_T14RQU_A017798_20181118T171012/IMG_DATA/T14RQU_20181118T170601_B04.jp2"
"124","S2A_MSIL1C_20181118T170601_N0207_R069_T14RQU_20181118T203231",2018-11-18 17:15:18,98.9979,"B05","https://storage.googleapis.com/gcp-public-data-sentinel-2/tiles/14/R/QU/S2A_MSIL1C_20181118T170601_N0207_R069_T14RQU_20181118T203231.SAFE/GRANULE/L1C_T14RQU_A017798_20181118T171012/IMG_DATA/T14RQU_20181118T170601_B05.jp2"
"125","S2A_MSIL1C_20181118T170601_N0207_R069_T14RQU_20181118T203231",2018-11-18 17:15:18,98.9979,"B06","https://storage.googleapis.com/gcp-public-data-sentinel-2/tiles/14/R/QU/S2A_MSIL1C_20181118T170601_N0207_R069_T14RQU_20181118T203231.SAFE/GRANULE/L1C_T14RQU_A017798_20181118T171012/IMG_DATA/T14RQU_20181118T170601_B06.jp2"
"126","S2A_MSIL1C_20181118T170601_N0207_R069_T14RQU_20181118T203231",2018-11-18 17:15:18,98.9979,"B07","https://storage.googleapis.com/gcp-public-data-sentinel-2/tiles/14/R/QU/S2A_MSIL1C_20181118T170601_N0207_R069_T14RQU_20181118T203231.SAFE/GRANULE/L1C_T14RQU_A017798_20181118T171012/IMG_DATA/T14RQU_20181118T170601_B07.jp2"
"127","S2B_MSIL1C_20181113T170539_N0207_R069_T14RQU_20181113T202933",2018-11-13 17:15:22,99.2619,"B01","https://storage.googleapis.com/gcp-public-data-sentinel-2/tiles/14/R/QU/S2B_MSIL1C_20181113T170539_N0207_R069_T14RQU_20181113T202933.SAFE/GRANULE/L1C_T14RQU_A008818_20181113T171348/IMG_DATA/T14RQU_20181113T170539_B01.jp2"
"128","S2B_MSIL1C_20181113T170539_N0207_R069_T14RQU_20181113T202933",2018-11-13 17:15:22,99.2619,"B02","https://storage.googleapis.com/gcp-public-data-sentinel-2/tiles/14/R/QU/S2B_MSIL1C_20181113T170539_N0207_R069_T14RQU_20181113T202933.SAFE/GRANULE/L1C_T14RQU_A008818_20181113T171348/IMG_DATA/T14RQU_20181113T170539_B02.jp2"
"129","S2B_MSIL1C_20181113T170539_N0207_R069_T14RQU_20181113T202933",2018-11-13 17:15:22,99.2619,"B03","https://storage.googleapis.com/gcp-public-data-sentinel-2/tiles/14/R/QU/S2B_MSIL1C_20181113T170539_N0207_R069_T14RQU_20181113T202933.SAFE/GRANULE/L1C_T14RQU_A008818_20181113T171348/IMG_DATA/T14RQU_20181113T170539_B03.jp2"
"130","S2B_MSIL1C_20181113T170539_N0207_R069_T14RQU_20181113T202933",2018-11-13 17:15:22,99.2619,"B04","https://storage.googleapis.com/gcp-public-data-sentinel-2/tiles/14/R/QU/S2B_MSIL1C_20181113T170539_N0207_R069_T14RQU_20181113T202933.SAFE/GRANULE/L1C_T14RQU_A008818_20181113T171348/IMG_DATA/T14RQU_20181113T170539_B04.jp2"
"131","S2B_MSIL1C_20181113T170539_N0207_R069_T14RQU_20181113T202933",2018-11-13 17:15:22,99.2619,"B05","https://storage.googleapis.com/gcp-public-data-sentinel-2/tiles/14/R/QU/S2B_MSIL1C_20181113T170539_N0207_R069_T14RQU_20181113T202933.SAFE/GRANULE/L1C_T14RQU_A008818_20181113T171348/IMG_DATA/T14RQU_20181113T170539_B05.jp2"
"132","S2B_MSIL1C_20181113T170539_N0207_R069_T14RQU_20181113T202933",2018-11-13 17:15:22,99.2619,"B06","https://storage.googleapis.com/gcp-public-data-sentinel-2/tiles/14/R/QU/S2B_MSIL1C_20181113T170539_N0207_R069_T14RQU_20181113T202933.SAFE/GRANULE/L1C_T14RQU_A008818_20181113T171348/IMG_DATA/T14RQU_20181113T170539_B06.jp2"
"133","S2B_MSIL1C_20181113T170539_N0207_R069_T14RQU_20181113T202933",2018-11-13 17:15:22,99.2619,"B07","https://storage.googleapis.com/gcp-public-data-sentinel-2/tiles/14/R/QU/S2B_MSIL1C_20181113T170539_N0207_R069_T14RQU_20181113T202933.SAFE/GRANULE/L1C_T14RQU_A008818_20181113T171348/IMG_DATA/T14RQU_20181113T170539_B07.jp2"
"134","S2B_MSIL1C_20181123T170629_N0207_R069_T14RQU_20181123T203116",2018-11-23 17:15:21,66.5002,"B01","https://storage.googleapis.com/gcp-public-data-sentinel-2/tiles/14/R/QU/S2B_MSIL1C_20181123T170629_N0207_R069_T14RQU_20181123T203116.SAFE/GRANULE/L1C_T14RQU_A008961_20181123T171155/IMG_DATA/T14RQU_20181123T170629_B01.jp2"
"135","S2B_MSIL1C_20181123T170629_N0207_R069_T14RQU_20181123T203116",2018-11-23 17:15:21,66.5002,"B02","https://storage.googleapis.com/gcp-public-data-sentinel-2/tiles/14/R/QU/S2B_MSIL1C_20181123T170629_N0207_R069_T14RQU_20181123T203116.SAFE/GRANULE/L1C_T14RQU_A008961_20181123T171155/IMG_DATA/T14RQU_20181123T170629_B02.jp2"
"136","S2B_MSIL1C_20181123T170629_N0207_R069_T14RQU_20181123T203116",2018-11-23 17:15:21,66.5002,"B03","https://storage.googleapis.com/gcp-public-data-sentinel-2/tiles/14/R/QU/S2B_MSIL1C_20181123T170629_N0207_R069_T14RQU_20181123T203116.SAFE/GRANULE/L1C_T14RQU_A008961_20181123T171155/IMG_DATA/T14RQU_20181123T170629_B03.jp2"
"137","S2B_MSIL1C_20181123T170629_N0207_R069_T14RQU_20181123T203116",2018-11-23 17:15:21,66.5002,"B04","https://storage.googleapis.com/gcp-public-data-sentinel-2/tiles/14/R/QU/S2B_MSIL1C_20181123T170629_N0207_R069_T14RQU_20181123T203116.SAFE/GRANULE/L1C_T14RQU_A008961_20181123T171155/IMG_DATA/T14RQU_20181123T170629_B04.jp2"
"138","S2B_MSIL1C_20181123T170629_N0207_R069_T14RQU_20181123T203116",2018-11-23 17:15:21,66.5002,"B05","https://storage.googleapis.com/gcp-public-data-sentinel-2/tiles/14/R/QU/S2B_MSIL1C_20181123T170629_N0207_R069_T14RQU_20181123T203116.SAFE/GRANULE/L1C_T14RQU_A008961_20181123T171155/IMG_DATA/T14RQU_20181123T170629_B05.jp2"
"139","S2B_MSIL1C_20181123T170629_N0207_R069_T14RQU_20181123T203116",2018-11-23 17:15:21,66.5002,"B06","https://storage.googleapis.com/gcp-public-data-sentinel-2/tiles/14/R/QU/S2B_MSIL1C_20181123T170629_N0207_R069_T14RQU_20181123T203116.SAFE/GRANULE/L1C_T14RQU_A008961_20181123T171155/IMG_DATA/T14RQU_20181123T170629_B06.jp2"
"140","S2B_MSIL1C_20181123T170629_N0207_R069_T14RQU_20181123T203116",2018-11-23 17:15:21,66.5002,"B07","https://storage.googleapis.com/gcp-public-data-sentinel-2/tiles/14/R/QU/S2B_MSIL1C_20181123T170629_N0207_R069_T14RQU_20181123T203116.SAFE/GRANULE/L1C_T14RQU_A008961_20181123T171155/IMG_DATA/T14RQU_20181123T170629_B07.jp2"
"141","S2B_MSIL1C_20181103T170449_N0206_R069_T14RQU_20181103T203028",2018-11-03 17:13:55,0.0836,"B01","https://storage.googleapis.com/gcp-public-data-sentinel-2/tiles/14/R/QU/S2B_MSIL1C_20181103T170449_N0206_R069_T14RQU_20181103T203028.SAFE/GRANULE/L1C_T14RQU_A008675_20181103T171355/IMG_DATA/T14RQU_20181103T170449_B01.jp2"
"142","S2B_MSIL1C_20181103T170449_N0206_R069_T14RQU_20181103T203028",2018-11-03 17:13:55,0.0836,"B02","https://storage.googleapis.com/gcp-public-data-sentinel-2/tiles/14/R/QU/S2B_MSIL1C_20181103T170449_N0206_R069_T14RQU_20181103T203028.SAFE/GRANULE/L1C_T14RQU_A008675_20181103T171355/IMG_DATA/T14RQU_20181103T170449_B02.jp2"
"143","S2B_MSIL1C_20181103T170449_N0206_R069_T14RQU_20181103T203028",2018-11-03 17:13:55,0.0836,"B03","https://storage.googleapis.com/gcp-public-data-sentinel-2/tiles/14/R/QU/S2B_MSIL1C_20181103T170449_N0206_R069_T14RQU_20181103T203028.SAFE/GRANULE/L1C_T14RQU_A008675_20181103T171355/IMG_DATA/T14RQU_20181103T170449_B03.jp2"
"144","S2B_MSIL1C_20181103T170449_N0206_R069_T14RQU_20181103T203028",2018-11-03 17:13:55,0.0836,"B04","https://storage.googleapis.com/gcp-public-data-sentinel-2/tiles/14/R/QU/S2B_MSIL1C_20181103T170449_N0206_R069_T14RQU_20181103T203028.SAFE/GRANULE/L1C_T14RQU_A008675_20181103T171355/IMG_DATA/T14RQU_20181103T170449_B04.jp2"
"145","S2B_MSIL1C_20181103T170449_N0206_R069_T14RQU_20181103T203028",2018-11-03 17:13:55,0.0836,"B05","https://storage.googleapis.com/gcp-public-data-sentinel-2/tiles/14/R/QU/S2B_MSIL1C_20181103T170449_N0206_R069_T14RQU_20181103T203028.SAFE/GRANULE/L1C_T14RQU_A008675_20181103T171355/IMG_DATA/T14RQU_20181103T170449_B05.jp2"
"146","S2B_MSIL1C_20181103T170449_N0206_R069_T14RQU_20181103T203028",2018-11-03 17:13:55,0.0836,"B06","https://storage.googleapis.com/gcp-public-data-sentinel-2/tiles/14/R/QU/S2B_MSIL1C_20181103T170449_N0206_R069_T14RQU_20181103T203028.SAFE/GRANULE/L1C_T14RQU_A008675_20181103T171355/IMG_DATA/T14RQU_20181103T170449_B06.jp2"
"147","S2B_MSIL1C_20181103T170449_N0206_R069_T14RQU_20181103T203028",2018-11-03 17:13:55,0.0836,"B07","https://storage.googleapis.com/gcp-public-data-sentinel-2/tiles/14/R/QU/S2B_MSIL1C_20181103T170449_N0206_R069_T14RQU_20181103T203028.SAFE/GRANULE/L1C_T14RQU_A008675_20181103T171355/IMG_DATA/T14RQU_20181103T170449_B07.jp2"
